<?xml version="1.0" encoding="UTF-8" standalone="yes"?>
<addon id="plugin.program.griffwizard" name="The Griff Wizard" version="0.0.1" provider-name="Guru">
  <requires>
    <import addon="xbmc.python" version="2.1.0"/>
  </requires>
  <extension point="xbmc.python.pluginsource" library="default.py">
    <provides>executable</provides>
  </extension>
  <extension point="xbmc.service" library="startup.py" start="startup" />
  <extension point="xbmc.addon.metadata">
    <summary lang="en">The Griff Wizard</summary>
    <description lang="en">The Griff Wizard for access to the Griff Group of Custom Builds.</description>
    <platform>all</platform>
  </extension>
</addon>